pvm;1_Lompolojanganoja
2013-06-05;1.810073143820953
2013-06-06;1.4309133916590897
2013-06-07;1.2048104155031165
2013-06-08;1.066047887725286
2013-06-09;0.9845487430163494
2013-06-10;0.9515609939674943
2013-06-11;0.9137686231292907
2013-06-12;0.8478263520149096
2013-06-13;0.8051097422473751
2013-06-14;0.7539136063343244
2013-06-15;0.7540199326809767
2013-06-16;0.7106055562635368
2013-06-17;0.6378185265834175
2013-06-18;1.20205922128349
2013-06-19;1.8666055332566127
2013-06-20;1.0398783156555056
2013-06-21;1.1861368508723178
2013-06-22;1.0556079695633702
2013-06-23;1.2579735888292334
2013-06-24;0.913270218379359
2013-06-25;0.7090106610637533
2013-06-26;0.8485241186648149
2013-06-27;0.6572230848474501
2013-06-28;0.6556281896476663
2013-06-29;0.6422842331428116
2013-06-30;0.7535215279310443
2013-07-01;1.3008363973234138
2013-07-02;1.7293913829019054
2013-07-03;1.6757630318091854
2013-07-04;0.9986702109310991
2013-07-05;0.7212647725154231
2013-07-06;0.6485574875952935
2013-07-07;0.5738167112954389
2013-07-08;0.5327082875210193
2013-07-09;0.567184605423006
2013-07-10;0.7314255840173772
2013-07-11;0.5789735391080724
2013-07-12;0.4845424524875577
2013-07-13;0.4735443210057175
2013-07-14;0.9318706836468336
2013-07-15;0.7540664504576371
2013-07-16;0.7516541714679644
2013-07-17;1.040017868985486
2013-07-18;0.7581998871837424
2013-07-19;0.7114030038634285
2013-07-20;0.5951484345925434
2013-07-21;0.6777640059413284
2013-07-22;0.8539999255174046
2013-07-23;0.5696168206026759
2013-07-24;0.47583698285540604
2013-07-25;0.4275515306819607
2013-07-26;0.39985351737905406
2013-07-27;0.3827216847747131
2013-07-28;0.3560138355750053
2013-07-29;0.37041441014971715
2013-07-30;0.3538806632452949
2013-07-31;0.33692161095426365
2013-08-01;0.3247140172792542
2013-08-02;0.32097930435309446
2013-08-03;0.31428738991066946
2013-08-04;0.29673025191971963
2013-08-05;0.2831736427215598
2013-08-06;0.2695239979700794
2013-08-07;0.26279885654432567
2013-08-08;0.2706537154032592
2013-08-09;0.26217418925774383
2013-08-10;0.2536016275589075
2013-08-11;0.24629833662323228
2013-08-12;0.24708249342979238
2013-08-13;0.2601141162913568
2013-08-14;0.2868884194577222
2013-08-15;0.293268000256856
2013-08-16;0.27723265810236614
2013-08-17;0.2891345635307508
2013-08-18;0.3553492959084288
2013-08-19;0.41899890517312177
2013-08-20;0.4678359252698257
2013-08-21;0.39041705411366845
2013-08-22;0.3310736618883908
2013-08-23;0.30184720735235826
2013-08-24;0.279777845025354
2013-08-25;0.2623203879843906
2013-08-26;0.2548708983220685
2013-08-27;0.25513006879203337
2013-08-28;0.2549107707020631
2013-08-29;0.2475410257997302
2013-08-30;0.2332733591583336
2013-08-31;0.22615613932929984
2013-09-01;0.22635550122927273
2013-09-02;0.22715294882916454
2013-09-03;0.2283491202290021
2013-09-04;0.2277510345290833
2013-09-05;0.22216225593317537
2013-09-06;0.21586241989403054
2013-09-07;0.22355114383632005
2013-09-08;0.21001447082815766
2013-09-09;0.20280421544580315
2013-09-10;0.20279092465247156
2013-09-11;0.21546369609408458
2013-09-12;0.23226990426180313
2013-09-13;0.2193578985402227
2013-09-14;0.2148589649975001
2013-09-15;0.20963568321820902
2013-09-16;0.20279092465247164
2013-09-17;0.20261149894249597
2013-09-18;0.2052098490388098
2013-09-19;0.2016744980126232
2013-09-20;0.20074414247941616
2013-09-21;0.20093021358605756
2013-09-22;0.20489086999885314
2013-09-23;0.20447221000891003
2013-09-24;0.21097805334469352
2013-09-25;0.20334913797239582
2013-09-26;0.24890997751287772
2013-09-27;0.33803803759411216
2013-09-28;0.2050171325355027
2013-09-29;0.18151236452869343
2013-09-30;0.17428881835300739
2013-10-01;0.1911016719173917
2013-10-02;0.19086908303408992
2013-10-03;0.15747596478862302
2013-10-04;0.1515289993124303
2013-10-05;0.18412068272000603
2013-10-06;0.1831172278234756
2013-10-07;0.1402338185996302
2013-10-08;0.1323856051373623
2013-10-09;0.29549221452088753
2013-10-10;0.32098594974976025
2013-10-11;0.1675895939742501
2013-10-12;0.11710451550443664
2013-10-13;0.10777504312536976
2013-10-14;0.1044310795231571
2013-10-15;0.09891141305257294
2013-10-16;0.09476335645380272
2013-10-17;0.09214108292949211
2013-10-18;0.0872806398081518
2013-10-19;0.08343029698000788
2013-10-20;0.08082264332836185
2013-10-21;0.0765363624789437
2013-10-22;0.07307145265741405
2013-10-23;0.08708991692384438
2013-10-24;0.10381505125224066
2013-10-25;0.1161821344472285
2013-10-26;0.12760623585534445
2013-10-27;0.13402037271714032
2013-10-28;0.1631883477625142
2013-10-29;0.33047557618847206
2013-10-30;0.682542046144013
2013-10-31;0.6661677887595692
2013-11-01;0.527750821608359
2013-11-02;0.40828652574790936
2013-11-03;0.34529481075312696
2013-11-04;0.3222352843229241
2013-11-05;0.31998249485322994
2013-11-06;0.30665847453837175
2013-11-07;0.2859181915445206
2013-11-08;0.2733650372428913
2013-11-09;0.2603400597779928
2013-11-10;0.24991343240940814
2013-11-11;0.23765932095773826
2013-11-12;0.2221689013298411
2013-11-13;0.21735763414382753
2013-11-14;0.20526965760880178
2013-11-15;0.1949759381735324
2013-11-16;0.18830395992110485
2013-11-17;0.18151236452869343
2013-11-18;0.17427552755967585
2013-11-19;0.1672380524906311
2013-11-20;0.16131368136310206
2013-11-21;0.1547174606326642
2013-11-22;0.148819671091798
2013-11-23;0.14722477589201458
2013-11-24;0.14662669019209584
2013-11-25;0.14508495816563832
2013-11-26;0.14722477589201458
2013-11-27;0.14722477589201458
2013-11-28;0.14722477589201458
2013-11-29;0.14722477589201458
2013-11-30;0.14945762917171151
2013-12-01;0.15105252437149497
2013-12-02;0.15105252437149497
2013-12-03;0.15105252437149497
2013-12-04;0.15105252437149497
2013-12-05;0.15391137401710692
2013-12-06;0.15486432389897758
2013-12-07;0.15486432389897758
2013-12-08;0.15486432389897758
2013-12-09;0.15486432389897758
2013-12-10;0.15518994833560007
2013-12-11;0.16392532225274747
2013-12-12;0.1797380436189343
2013-12-13;0.18009689503888557
2013-12-14;0.16977659401695308
2013-12-15;0.16233042705296394
2013-12-16;0.16539063221754854
2013-12-17;0.16839435151047424
2013-12-18;0.16737096042394636
2013-12-19;0.15849271047848504
2013-12-20;0.15716363114533208
2013-12-21;0.16618807981744027
2013-12-22;0.16666654837737532
2013-12-23;0.16666654837737532
2013-12-24;0.16666654837737532
2013-12-25;0.16873991213709394
2013-12-26;0.17869471634240927
2013-12-27;0.18592490791476107
2013-12-28;0.1855660564948098
2013-12-29;0.19183266555062586
2013-12-30;0.19665057813330525
2013-12-31;0.19441772485360817
2014-01-01;0.19218487157391123
2014-01-02;0.1890216627610074
2014-01-03;0.18771916501451755
2014-01-04;0.18395122510502898
2014-01-05;0.18341294797510208
2014-01-06;0.18151236452869343
2014-01-07;0.17926622045566507
2014-01-08;0.17657483480603037
2014-01-09;0.17496000341624957
2014-01-10;0.1739233215363903
2014-01-11;0.1708132758968125
2014-01-12;0.1689126924504037
2014-01-13;0.16666654837737532
2014-01-14;0.16427420557770014
2014-01-15;0.163795737017765
2014-01-16;0.16666654837737532
2014-01-17;0.16718488931730496
2014-01-18;0.16259624291959465
2014-01-19;0.15089104123251684
2014-01-20;0.14447358167238808
2014-01-21;0.14184599183074476
2014-01-22;0.14571494176955288
2014-01-23;0.14754375493197128
2014-01-24;0.14929813965173305
2014-01-25;0.14837442951519184
2014-01-26;0.1423124986766814
2014-01-27;0.13982446216501906
2014-01-28;0.13982446216501906
2014-01-29;0.14044381313426837
2014-01-30;0.13982446216501906
2014-01-31;0.13877781219016116
2014-02-01;0.13922637646510028
2014-02-02;0.1341566033487886
2014-02-03;0.12947492139775743
2014-02-04;0.1267562896217932
2014-02-05;0.12661407813314585
2014-02-06;0.12789065883263917
2014-02-07;0.12917056223046544
2014-02-08;0.12675296692346033
2014-02-09;0.12589903345190956
2014-02-10;0.1280481547336178
2014-02-11;0.12561461047461484
2014-02-12;0.12575748650292876
2014-02-13;0.12717960138940235
2014-02-14;0.12975269897838643
2014-02-15;0.13106582935954147
2014-02-16;0.1306259041002679
2014-02-17;0.1326633827179913
2014-02-18;0.13251784853101106
2014-02-19;0.13355652402987003
2014-02-20;0.13474737911237497
2014-02-21;0.13519594338731417
2014-02-22;0.13385423780049632
2014-02-23;0.13415926150745489
2014-02-24;0.1326866416063215
2014-02-25;0.13640540558048328
2014-02-26;0.14788931555859108
2014-02-27;0.15343888631417107
2014-02-28;0.15248194919430094
2014-03-01;0.15089303485151662
2014-03-02;0.1508930348515166
2014-03-03;0.14929813965173305
2014-03-04;0.14676624352207684
2014-03-05;0.14447092351372173
2014-03-06;0.14508230000697206
2014-03-07;0.14324019605122215
2014-03-08;0.14617480321882378
2014-03-09;0.14725135747867757
2014-03-10;0.1443101049144102
2014-03-11;0.14013546672897692
2014-03-12;0.1401354667289769
2014-03-13;0.14184067551341212
2014-03-14;0.14400574574711825
2014-03-15;0.144473581672388
2014-03-16;0.14929614603273347
2014-03-17;0.1512199883674721
2014-03-18;0.1415296709494543
2014-03-19;0.13196628060775253
2014-03-20;0.1250397836630261
2014-03-21;0.12490023033304512
2014-03-22;0.1256146104746148
2014-03-23;0.12418585019147535
2014-03-24;0.12178486837613466
2014-03-25;0.11819502509728859
2014-03-26;0.1133013549926196
2014-03-27;0.11248795844073002
2014-03-28;0.1116944980788377
2014-03-29;0.11209122825978386
2014-03-30;0.11411475154450915
2014-03-31;0.11276241332302607
2014-04-01;0.10687525641682527
2014-04-02;0.10430215882784126
2014-04-03;0.10263948058206693
2014-04-04;0.10027305482938816
2014-04-05;0.09684203653085387
2014-04-06;0.09344490975531504
2014-04-07;0.09153834545190727
2014-04-08;0.08694371819719755
2014-04-09;0.08190584298488146
2014-04-10;0.08071432336270985
2014-04-11;0.08071432336270985
2014-04-12;0.08049768343140594
2014-04-13;0.0806060033970579
2014-04-14;0.0809309632940138
2014-04-15;0.08489029062747629
2014-04-16;0.08843029343132915
2014-04-17;0.0869463763558639
2014-04-18;0.09369278305094805
2014-04-19;0.11316844705930429
2014-04-20;0.13978924156269062
2014-04-21;0.1673111518539545
2014-04-22;0.1972220822465609
2014-04-23;0.2150450361041415
2014-04-24;0.21749718747380858
2014-04-25;0.21615481734732417
2014-04-26;0.23407745215489117
2014-04-27;0.3102469887378847
2014-04-28;0.5002654609987568
2014-04-29;0.6229793558287655
2014-04-30;0.5600474494039751
2014-05-01;0.5717433475357205
2014-05-02;0.5030963999783726
2014-05-03;0.41685908744674566
2014-05-04;0.3661081931103018
2014-05-05;0.3332001888214355
2014-05-06;0.3130380553375057
2014-05-07;0.2965242446230808
2014-05-08;0.28709442675436087
2014-05-09;0.28277491892161394
2014-05-10;0.3142873899106695
2014-05-11;0.34702925928289163
2014-05-12;0.4191052315197741
2014-05-13;0.5364961636205052
2014-05-14;0.7093960940703679
2014-05-15;0.7190850824090521
2014-05-16;0.7222350004286248
2014-05-17;1.3249060240468136
2014-05-18;3.0635943168841244
2014-05-19;4.91028359633344
2014-05-20;5.5302991052492745
2014-05-21;6.2785707698143645
2014-05-22;6.126789909968303
2014-05-23;6.073560282675528
2014-05-24;8.93586553455364
2014-05-25;5.624530829969816
2014-05-26;3.845491688577982
2014-05-27;3.004118016725532
2014-05-28;2.6049954929797106
2014-05-29;2.3131961253859887
2014-05-30;2.075822556484878
2014-05-31;1.9668380511663397
2014-06-01;2.9471005133332713
2014-06-02;2.1489883737749462
2014-06-03;1.714113615967313
2014-06-04;1.4761286705729522
2014-06-05;1.3044780746962534
2014-06-06;1.960637896077181
2014-06-07;6.520130938614906
2014-06-08;5.842699202506867
2014-06-09;9.119477844428717
2014-06-10;4.771527713952277
2014-06-11;3.7254093708276166
2014-06-12;3.7585699001897828
2014-06-13;4.627056790438556
2014-06-14;2.6761012373033926
2014-06-15;2.1149639428462317
2014-06-16;1.8592490791476113
2014-06-17;1.6660009441071773
2014-06-18;1.6389475342808495
2014-06-19;1.6136219275876211
2014-06-20;1.4628777496214171
2014-06-21;1.4149976666445838
2014-06-22;1.265622440391528
2014-06-23;1.1016871500437813
2014-06-24;0.9911476219054537
2014-06-25;0.8814188321603494
2014-06-26;0.8124595509597106
2014-06-27;0.7870475541098267
2014-06-28;0.7403104793595043
2014-06-29;0.7002254466716125
2014-06-30;0.6457265486156776
2014-07-01;0.625052719588484
2014-07-02;0.6391343151232391
2014-07-03;1.0180415422118032
2014-07-04;1.863993892366967
2014-07-05;1.241718948584773
2014-07-06;0.8739892786880246
2014-07-07;0.6728131854253339
2014-07-08;0.5770131470916717
2014-07-09;0.5259632099052681
2014-07-10;0.4687064722330406
2014-07-11;0.43817087455385245
2014-07-12;0.438835414220429
2014-07-13;0.4111174647275251
2014-07-14;0.3810736264016035
2014-07-15;0.36244657954746545
2014-07-16;0.48363203314434816
2014-07-17;0.6603862936603544
2014-07-18;0.5342766011341399
2014-07-19;0.5678491450895825
2014-07-20;0.6792326386044624
2014-07-21;0.5228332280756933
2014-07-22;0.5052827354814088
2014-07-23;0.4287875744617931
2014-07-24;0.3709659780729757
2014-07-25;0.33341948691140577
2014-07-26;0.38599121993426927
2014-07-27;0.3499864607991568
2014-07-28;0.3346090129145776
2014-07-29;0.6174703219928466
2014-07-30;0.513748970833593
2014-07-31;1.2326546275326695
2014-08-01;1.8287267722617542
2014-08-02;0.81015359831669
2014-08-03;0.5276179136750435
2014-08-04;0.47172348231929795
2014-08-05;0.4199359061029945
2014-08-06;0.39692289744945203
2014-08-07;0.35584105526169546
2014-08-08;0.32653485596567355
2014-08-09;0.3110377909411105
2014-08-10;0.31723794603026906
2014-08-11;0.3310537256983935
2014-08-12;0.5326484789510274
2014-08-13;1.062080585915825
2014-08-14;0.5917925092763321
2014-08-15;0.5061931548246187
2014-08-16;0.4671580948099176
2014-08-17;0.41933117500641
2014-08-18;0.37361084594594995
2014-08-19;0.7067645169907251
2014-08-20;1.6264010253758867
2014-08-21;1.130096220789925
2014-08-22;0.6781693751379402
2014-08-23;0.5280365736649867
2014-08-24;0.4531296624484886
2014-08-25;0.5564855167911249
2014-08-26;0.724886513698265
2014-08-27;0.625551124338416
2014-08-28;0.6879248174432823
2014-08-29;0.5690519618860858
2014-08-30;0.4857917870607218
2014-08-31;0.44885667239240196
2014-09-01;0.41510470272698385
2014-09-02;0.3987171545492083
2014-09-03;0.3857054678776414
2014-09-04;0.37359090975595266
2014-09-05;0.35814036250805
2014-09-06;0.34653749992962507
2014-09-07;0.3411015654570295
2014-09-08;0.3366425042943015
2014-09-09;0.3376991223641581
2014-09-10;0.3267607994523096
2014-09-11;0.31997584945656393
2014-09-12;0.3041930323753731
2014-09-13;0.29107501935715385
2014-09-14;0.2815654567284448
2014-09-15;0.2674905065903554
2014-09-16;0.25728317731174105
2014-09-17;0.2619548911677735
2014-09-18;0.26300486384096433
2014-09-19;0.26862022402353536
2014-09-20;0.2920784742536843
2014-09-21;0.5530631375082563
2014-09-22;0.4322963439013169
2014-09-23;0.33033602285849095
2014-09-24;0.3963646841295277
2014-09-25;0.9019996256342221
2014-09-26;1.1095353635060496
2014-09-27;1.4553418698024403
2014-09-28;0.8915065442989799
2014-09-29;0.66095779777361
2014-09-30;0.5025913498317744
2014-10-01;0.40761534068466704
2014-10-02;0.4009965256055656
2014-10-03;0.3719229151928457
2014-10-04;0.3820372089181394
2014-10-05;0.4194840191297227
2014-10-06;0.4081602632112598
2014-10-07;0.3855061059776685
2014-10-08;0.3675701803767699
2014-10-09;0.34977380810585235
2014-10-10;0.3086122211581065
2014-10-11;0.311310252204407
2014-10-12;0.3108783014211324
2014-10-13;0.2838847001647965
2014-10-14;0.26686583930377367
2014-10-15;0.22517926601943236
2014-10-16;0.2327284366317409
2014-10-17;0.24576005949330534
2014-10-18;0.22911334084556495
2014-10-19;0.19994669487952435
2014-10-20;0.21832121666036342
2014-10-21;0.20776168135846346
2014-10-22;0.1647407124236369
2014-10-23;0.16016801497792427
2014-10-24;0.15951144978734666
2014-10-25;0.2094429667149019
2014-10-26;0.34058322451709994
2014-10-27;0.7520063774912501
2014-10-28;0.5735774770154712
2014-10-29;0.4024119950953736
2014-10-30;0.28807794546089405
2014-10-31;0.1852417611375205
2014-11-01;0.13342826787422082
2014-11-02;0.1387199972391691
2014-11-03;0.20101992644104527
2014-11-04;0.2420785097404717
2014-11-05;0.18984569194756218
2014-11-06;0.13896188967780299
2014-11-07;0.13388281300615903
2014-11-08;0.14249458254532338
2014-11-09;0.15791323188923034
2014-11-10;0.18141932897537272
2014-11-11;0.19199880046726994
2014-11-12;0.17131899058307712
2014-11-13;0.15250720170163087
2014-11-14;0.15204999841102626
2014-11-15;0.15985169409663383
2014-11-16;0.17156752841837677
2014-11-17;0.18401767907168665
2014-11-18;0.19497593817353248
2014-11-19;0.20187385991259607
2014-11-20;0.1957268679967639
2014-11-21;0.18122661247206553
2014-11-22;0.16050759474754486
2014-11-23;0.16014409154992745
2014-11-24;0.17034477543187604
2014-11-25;0.17940577378564607
2014-11-26;0.1880314986578084
2014-11-27;0.18600465267475028
2014-11-28;0.17800359508916977
2014-11-29;0.170514233046853
2014-11-30;0.16816508532550528
2014-12-01;0.16610168966078537
2014-12-02;0.17087308446680435
2014-12-03;0.17907350395235788
2014-12-04;0.18402432446835243
2014-12-05;0.19016467098751888
2014-12-06;0.193859511533684
2014-12-07;0.19387280232701556
2014-12-08;0.18999853607087475
2014-12-09;0.1881710519877895
2014-12-10;0.18650970282134838
2014-12-11;0.18633027711137276
2014-12-12;0.18742676756122387
2014-12-13;0.18926089704097493
2014-12-14;0.1901713163841847
2014-12-15;0.18984569194756218
2014-12-16;0.1903573874908261
2014-12-17;0.1881511157977922
2014-12-18;0.18905488974433624
2014-12-19;0.19016467098751894
2014-12-20;0.1879650446911508
2014-12-21;0.18492145301823068
2014-12-22;0.1799307601222415
2014-12-23;0.1724015256999302
2014-12-24;0.16528098317256346
2014-12-25;0.15816841512119567
2014-12-26;0.1560445463468174
2014-12-27;0.14759226632763134
2014-12-28;0.13957393071071983
2014-12-29;0.1324028831686933
2014-12-30;0.1336269652345271
2014-12-31;0.131209369927522
2015-01-01;0.11108046342692106
2015-01-02;0.1144098071564691
2015-01-03;0.11973542804441281
2015-01-04;0.1226700352120145
2015-01-05;0.12195964230844426
2015-01-06;0.121674554791483
2015-01-07;0.12377516467753115
2015-01-08;0.12535012368731738
2015-01-09;0.12775509274065758
2015-01-10;0.12819036622226518
2015-01-11;0.12691046282443888
2015-01-12;0.12361301699888641
2015-01-13;0.12347014097057252
2015-01-14;0.12676293501845895
2015-01-15;0.12675230238379365
2015-01-16;0.12761088763301048
2015-01-17;0.12818970168259858
2015-01-18;0.12891471445883348
2015-01-19;0.12902835074181807
2015-01-20;0.12504377090102564
2015-01-21;0.12098210445891026
2015-01-22;0.11957793214343423
2015-01-23;0.11946097316211678
2015-01-24;0.1178056048526748
2015-01-25;0.11807939519530433
2015-01-26;0.1192935091661395
2015-01-27;0.11902171244250967
2015-01-28;0.11942841071845449
2015-01-29;0.11765276072936222
2015-01-30;0.11710052826643721
2015-01-31;0.11820831589062013
2015-02-01;0.1187512447982131
2015-02-02;0.11860504607156626
2015-02-03;0.11778566866267753
2015-02-04;0.1172327716600859
2015-02-05;0.11847280267791757
2015-02-06;0.11427091836615463
2015-02-07;0.1117516484901633
2015-02-08;0.10612565567292702
2015-02-09;0.10165994911353322
2015-02-10;0.10241287255576438
2015-02-11;0.1025524258857454
2015-02-12;0.10204604665981415
2015-02-13;0.10230122989177952
2015-02-14;0.10193639761482903
2015-02-15;0.10331265926430885
2015-02-16;0.10341566291262823
2015-02-17;0.10381239309357436
2015-02-18;0.10406491816687342
2015-02-19;0.10536276413569724
2015-02-20;0.1059767987876139
2015-02-21;0.1053527960406986
2015-02-22;0.10457129739280471
2015-02-23;0.10419915517952187
2015-02-24;0.10675165203884203
2015-02-25;0.10870406957924367
2015-02-26;0.10793386810568155
2015-02-27;0.10818373502031428
2015-02-28;0.10663137035919167
2015-03-01;0.10600271583461035
2015-03-02;0.10303953346134598
2015-03-03;0.10638748430155813
2015-03-04;0.10663735121619086
2015-03-05;0.10792921632801551
2015-03-06;0.10871005043624282
2015-03-07;0.10740223637242038
2015-03-08;0.10496005309775192
2015-03-09;0.10278567930871377
2015-03-10;0.10280561549871105
2015-03-11;0.10294450428902552
2015-03-12;0.10329338761397815
2015-03-13;0.10368214331892542
2015-03-14;0.10103993360461741
2015-03-15;0.10204272396148129
2015-03-16;0.10016938664140224
2015-03-17;0.10077810497598627
2015-03-18;0.10128448420191753
2015-03-19;0.10229391995544719
2015-03-20;0.1010425917632837
2015-03-21;0.09867948870893781
2015-03-22;0.09818108395900545
2015-03-23;0.09733446042378706
2015-03-24;0.09893134924257027
2015-03-25;0.09696896360716999
2015-03-26;0.09721284966480356
2015-03-27;0.09563323887735131
2015-03-28;0.09563190979801815
2015-03-29;0.09502850778076674
2015-03-30;0.09564320697234995
2015-03-31;0.09686529541918407
2015-04-01;0.09904631460488802
2015-04-02;0.09904432098588829
2015-04-03;0.09891805844923876
2015-04-04;0.0983259536063191
2015-04-05;0.09818972297467095
2015-04-06;0.0994164631991711
2015-04-07;0.1014353347062304
2015-04-08;0.11197892105613241
2015-04-09;0.11238296117341089
2015-04-10;0.11212844248111209
2015-04-11;0.11025510516103307
2015-04-12;0.11014146887804852
2015-04-13;0.1109262902242753
2015-04-14;0.1104126010620117
2015-04-15;0.11199021823046423
2015-04-16;0.1123723285387457
2015-04-17;0.11251852726539249
2015-04-18;0.11700284093545042
2015-04-19;0.13429748575810277
2015-04-20;0.14970085068967848
2015-04-21;0.19083253335242825
2015-04-22;0.23942035107416587
2015-04-23;0.28943360638071003
2015-04-24;0.3414737076703123
2015-04-25;0.36840085495999053
2015-04-26;0.3621541820941717
2015-04-27;0.3279370346621499
2015-04-28;0.2812996408618142
2015-04-29;0.2363435324179169
2015-04-30;0.20611362298535388
2015-05-01;0.20305009512243638
2015-05-02;0.2492821197261606
2015-05-03;0.27948544757206045
2015-05-04;0.2646329860240767
2015-05-05;0.2449227395134189
2015-05-06;0.3633636442873408
2015-05-07;2.625862038510212
2015-05-08;4.6557649040346565
2015-05-09;5.619480328503834
2015-05-10;7.464774074653341
2015-05-11;5.645530283433632
2015-05-12;4.66221093880045
2015-05-13;5.2315220711565
2015-05-14;4.951551509627837
2015-05-15;4.407094160801747
2015-05-16;3.384500521873895
2015-05-17;2.845027220547127
2015-05-18;3.3080120062509453
2015-05-19;3.8537984344101885
2015-05-20;4.689922242896686
2015-05-21;6.162874413863405
2015-05-22;6.653902773496748
2015-05-23;9.538536558171831
2015-05-24;8.243215840081003
2015-05-25;5.598215059173388
2015-05-26;4.76322096812007
2015-05-27;5.172178678931222
2015-05-28;7.54518337430909
2015-05-29;5.841104307307084
2015-05-30;4.98338295965685
2015-05-31;4.077349578246509
2015-06-01;4.219959790693816
2015-06-02;3.7506618781575214
2015-06-03;3.118219477476709
2015-06-04;2.541664862754975
2015-06-05;2.1443365961089107
2015-06-06;1.872406964545825
2015-06-07;2.060072966387017
2015-06-08;1.8335048124644393
2015-06-09;1.5233840862632038
2015-06-10;1.3776505373829868
2015-06-11;1.2429682831579365
2015-06-12;1.111010641565849
2015-06-13;1.0167589806553103
2015-06-14;0.9391872653758404
2015-06-15;0.9545713586570856
2015-06-16;1.3842627070654225
2015-06-17;1.3620139190284428
2015-06-18;1.0965635492144772
2015-06-19;0.9931678224918462
2015-06-20;0.8565451124403928
2015-06-21;0.7689122666089554
2015-06-22;0.6891741520164459
2015-06-23;0.6532823646246517
2015-06-24;0.7905696143426819
2015-06-25;1.510206264674993
2015-06-26;1.6860700420377865
2015-06-27;1.0571829285731562
2015-06-28;0.7980523309883328
2015-06-29;0.6970024292887166
2015-06-30;0.6040532661246679
2015-07-01;0.5618217703137339
2015-07-02;0.5291131279248409
2015-07-03;0.5410150333532251
2015-07-04;0.49452383827953617
2015-07-05;0.45499037351490285
2015-07-06;0.46461955328359567
2015-07-07;0.819942267605361
2015-07-08;0.8634363887827906
2015-07-09;0.7407823025227738
2015-07-10;0.5641144321634229
2015-07-11;0.47753820440184186
2015-07-12;0.44273626206323274
2015-07-13;0.4084593060612193
2015-07-14;0.3891079109705127
2015-07-15;0.36866667082662113
2015-07-16;0.37099920505630435
2015-07-17;0.39819216821261305
2015-07-18;0.36871983399994723
2015-07-19;0.41639390968014217
2015-07-20;0.5527109314849709
2015-07-21;0.5133568924303128
2015-07-22;0.44950127586898114
2015-07-23;0.4068112476881096
2015-07-24;0.3566052758782583
2015-07-25;0.33617068113103216
2015-07-26;0.34211166575022584
2015-07-27;0.5755578052218694
2015-07-28;0.8911809198623575
2015-07-29;1.1486435228840743
2015-07-30;4.328346210312437
2015-07-31;2.8320686970488866
2015-08-01;1.7737892780258784
2015-08-02;1.5632298846711283
2015-08-03;1.287512377008557
2015-08-04;1.0300962917635
2015-08-05;0.8585918946134482
2015-08-06;0.7552426856674774
2015-08-07;0.777631027034438
2015-08-08;0.9998265099509425
2015-08-09;1.302617363629839
2015-08-10;0.8818973007202846
2015-08-11;0.7132570695331767
2015-08-12;0.8971950038448745
2015-08-13;0.7313391938607225
2015-08-14;0.6048839407078885
2015-08-15;0.5527640946582969
2015-08-16;0.5224610858624102
2015-08-17;0.4970756705991897
2015-08-18;0.46800870558313556
2015-08-19;0.44457703693964956
2015-08-20;0.41774292520329226
2015-08-21;0.4033024782485859
2015-08-22;0.3827150393780473
2015-08-23;0.36838091876999324
2015-08-24;0.36298485667739233
2015-08-25;0.422354830489333
2015-08-26;0.47976441228487304
2015-08-27;0.43789841329055607
2015-08-28;0.5917925092763322
2015-08-29;2.321987985174795
2015-08-30;1.3968889607303752
2015-08-31;0.7628051470731173
2015-09-01;0.5856189357738368
2015-09-02;0.5036014501249706
2015-09-03;0.46616793070671875
2015-09-04;0.4388420596170948
2015-09-05;0.4561798995180745
2015-09-06;0.6218164114122566
2015-09-07;0.5465838757591358
2015-09-08;0.4636493253703939
2015-09-09;0.44548745628285935
2015-09-10;0.41077190410090525
2015-09-11;0.3891079109705128
2015-09-12;0.3785217940819499
2015-09-13;0.3667594419835466
2015-09-14;0.36554997979037734
2015-09-15;0.3644867163238551
2015-09-16;0.3568445101582259
2015-09-17;0.36404812014391463
2015-09-18;1.2564252114061096
2015-09-19;4.5395369163504355
2015-09-20;2.8927411686073166
2015-09-21;1.5940379436136125
2015-09-22;1.535359091054912
2015-09-23;2.87373533414323
2015-09-24;2.8510080775463162
2015-09-25;1.9192570110394649
2015-09-26;2.197233953568397
2015-09-27;1.9284941124048782
2015-09-28;1.4265540114463482
2015-09-29;1.2348010906557119
2015-09-30;1.1603394210158202
2015-10-01;1.092190878208404
2015-10-02;1.0703075869880416
2015-10-03;1.1137219634054811
2015-10-04;1.0039333650903846
2015-10-05;0.8971684222582114
2015-10-06;0.7297841710409334
2015-10-07;0.6288538864813012
2015-10-08;0.6334724371640076
2015-10-09;0.5315586338978421
2015-10-10;0.4883170377937119
2015-10-11;0.5293457168081426
2015-10-12;0.5956401939458098
2015-10-13;0.6916329487827789
2015-10-14;0.6954008886922675
2015-10-15;0.7555350831207712
2015-10-16;0.7637487933996562
2015-10-17;0.7619744724898969
2015-10-18;0.7917591403458538
2015-10-19;0.7184138973458103
2015-10-20;0.619889246379185
2015-10-21;0.6252786630751199
2015-10-22;1.044403830784891
2015-10-23;0.8669783852056431
2015-10-24;0.6191383165559534
2015-10-25;0.7933340993556399
2015-10-26;0.8394597976127116
2015-10-27;0.5765213877384051
2015-10-28;0.47494649970219366
2015-10-29;0.4285749217684884
2015-10-30;0.3471289402328781
2015-10-31;0.3802761788017118
2015-11-01;0.4714842480393304
2015-11-02;0.47428860543228296
2015-11-03;0.4655299726268053
2015-11-04;0.4459393432561313
2015-11-05;0.372394738356115
2015-11-06;0.2934939437434923
2015-11-07;0.31915846566667494
2015-11-08;0.40604038167488093
2015-11-09;0.48829710160371476
2015-11-10;0.48509402041081623
2015-11-11;0.48827716541371746
2015-11-12;0.4640347583770083
2015-11-13;0.4289736455684344
2015-11-14;0.4041730252118011
2015-11-15;0.41513128431364693
2015-11-16;0.40929662604110545
2015-11-17;0.3919322045534627
2015-11-18;0.3916132255135061
2015-11-19;0.385180481541046
2015-11-20;0.37603641572895397
2015-11-21;0.34066961467375473
2015-11-22;0.3197299697799307
2015-11-23;0.2976074442796004
2015-11-24;0.2815787475217763
2015-11-25;0.29637804589643396
2015-11-26;0.3272724949955735
2015-11-27;0.32280678843617977
2015-11-28;0.32476718045258035
2015-11-29;0.324009605232683
2015-11-30;0.32098594974976014
2015-12-01;0.32778419053883745
2015-12-02;0.3229995049394869
2015-12-03;0.30518319647857195
2015-12-04;0.2624466505210402
2015-12-05;0.2718299506130998
2015-12-06;0.28714094453102124
2015-12-07;0.2857188296445476
2015-12-08;0.28111356975517277
2015-12-09;0.282010698305051
2015-12-10;0.2808676900785395
2015-12-11;0.28042244850193326
2015-12-12;0.27791048856227435
2015-12-13;0.26818162784359484
2015-12-14;0.25337568407227157
2015-12-15;0.24269653163038782
2015-12-16;0.23496793530810353
2015-12-17;0.22577070632268545
2015-12-18;0.22398309461959476
2015-12-19;0.23619068829460432
2015-12-20;0.24690971311648255
2015-12-21;0.25038525557267743
2015-12-22;0.24819892006964084
2015-12-23;0.24016463550073155
2015-12-24;0.23373853692493715
2015-12-25;0.2391080174308749
2015-12-26;0.2422379992604501
2015-12-27;0.24523507315670987
2015-12-28;0.2283956380056624
2015-12-29;0.2100410524148207
2015-12-30;0.21380899232430928
2015-12-31;0.2161548173473241
2016-01-01;0.20774839056513195
2016-01-02;0.20831324928172187
2016-01-03;0.20396051446564614
2016-01-04;0.19906950251964342
2016-01-05;0.19295573758714007
2016-01-06;0.18012347662554862
2016-01-07;0.16801224120219269
2016-01-08;0.15812056826520224
2016-01-09;0.15681807051871235
2016-01-10;0.15486432389897758
2016-01-11;0.15264077417461275
2016-01-12;0.15105252437149497
2016-01-13;0.14834120253186298
2016-01-14;0.14722477589201458
2016-01-15;0.14416789342576292
2016-01-16;0.1435565169325126
2016-01-17;0.1401354667289769
2016-01-18;0.13982446216501906
2016-01-19;0.13713307651538445
2016-01-20;0.13623594796550623
2016-01-21;0.13564052042425376
2016-01-22;0.1326633827179913
2016-01-23;0.1326633827179913
2016-01-24;0.1326633827179913
2016-01-25;0.12946163060442592
2016-01-26;0.12917056223046544
2016-01-27;0.12917056223046544
2016-01-28;0.12917056223046544
2016-01-29;0.12917056223046544
2016-01-30;0.12874392776452337
2016-01-31;0.12575748650292876
2016-02-01;0.12575748650292876
2016-02-02;0.12575748650292876
2016-02-03;0.12575748650292876
2016-02-04;0.12575748650292876
2016-02-05;0.1243287262197893
2016-02-06;0.12232846182339412
2016-02-07;0.12232846182339412
2016-02-08;0.12232846182339412
2016-02-09;0.12232846182339412
2016-02-10;0.12232846182339412
2016-02-11;0.12232846182339412
2016-02-12;0.12232846182339412
2016-02-13;0.12232846182339412
2016-02-14;0.12232846182339412
2016-02-15;0.12232846182339412
2016-02-16;0.12232846182339412
2016-02-17;0.12232846182339412
2016-02-18;0.12232846182339412
2016-02-19;0.12232846182339412
2016-02-20;0.12232846182339412
2016-02-21;0.12232846182339412
2016-02-22;0.12052290754930599
2016-02-23;0.1189951308558467
2016-02-24;0.1189951308558467
2016-02-25;0.1189951308558467
2016-02-26;0.1189951308558467
2016-02-27;0.1189951308558467
2016-02-28;0.1189951308558467
2016-02-29;0.1189951308558467
2016-03-01;0.1189951308558467
2016-03-02;0.1189951308558467
2016-03-03;0.1189951308558467
2016-03-04;0.1189951308558467
2016-03-05;0.1189951308558467
2016-03-06;0.1189951308558467
2016-03-07;0.1189951308558467
2016-03-08;0.1189951308558467
2016-03-09;0.1189951308558467
2016-03-10;0.1189951308558467
2016-03-11;0.1189951308558467
2016-03-12;0.11723277166008582
2016-03-13;0.11574819004495408
2016-03-14;0.11887950095386238
2016-03-15;0.12239425125038528
2016-03-16;0.12790660778463703
2016-03-17;0.12806343914594906
2016-03-18;0.12337112456025259
2016-03-19;0.11737830584706617
2016-03-20;0.11425696303315651
2016-03-21;0.1116041206841833
2016-03-22;0.10791991277268344
2016-03-23;0.10495407224075273
2016-03-24;0.10713774958512297
2016-03-25;0.10715037583878789
2016-03-26;0.1068885472101568
2016-03-27;0.10662472496252592
2016-03-28;0.10947360651313919
2016-03-29;0.11185531667814917
2016-03-30;0.11291791560500496
2016-03-31;0.11198756007179793
2016-04-01;0.11012684900538383
2016-04-02;0.10791526099501737
2016-04-03;0.10623198201957926
2016-04-04;0.10597480516861417
2016-04-05;0.10585385894929725
2016-04-06;0.10674965841984231
2016-04-07;0.10910877423618871
2016-04-08;0.11660677529417089
2016-04-09;0.12679283930345486
2016-04-10;0.1347566826677071
2016-04-11;0.13506303545399884
2016-04-12;0.13327210105257528
2016-04-13;0.1315230326501461
2016-04-14;0.12547439260496712
2016-04-15;0.12292721206297959
2016-04-16;0.11902569968050918
2016-04-17;0.12179616555046642
2016-04-18;0.1264818347394971
2016-04-19;0.12776107359765682
2016-04-20;0.12576014466159505
2016-04-21;0.12433204891812225
2016-04-22;0.12291923758698065
2016-04-23;0.12122466143721067
2016-04-24;0.1197134982354158
2016-04-25;0.11792389291332539
2016-04-26;0.11548436779732323
2016-04-27;0.13395923506781532
2016-04-28;0.19829863650641472
2016-04-29;0.3263421394623665
2016-04-30;0.4938858801996228
2016-05-01;1.110372683485936
2016-05-02;2.0193632664125434
2016-05-03;2.061295719373517
2016-05-04;2.0532414986146104
2016-05-05;2.320040883951726
2016-05-06;2.164737963872809
2016-05-07;2.611707343612133
2016-05-08;4.359180850841583
2016-05-09;5.576551066042995
2016-05-10;5.197564094194442
2016-05-11;4.581402915344752
2016-05-12;5.215174395358719
2016-05-13;5.924769851329059
2016-05-14;5.0382074821494065
2016-05-15;4.552894163648623
2016-05-16;3.927296521533544
2016-05-17;3.607785849843586
2016-05-18;2.892143082907398
2016-05-19;2.4051684152401704
2016-05-20;2.507241708026313
2016-05-21;2.3189776204852044
2016-05-22;2.392209891741929
2016-05-23;2.2700010470585186
2016-05-24;3.0318957747884268
2016-05-25;2.387757475975867
2016-05-26;1.8531353142151081
2016-05-27;1.5452407958969032
2016-05-28;1.3386088319716203
2016-05-29;1.1847612537625045
2016-05-30;1.0658418804286476
2016-05-31;0.9949820157816002
2016-06-01;0.9614892165861467
2016-06-02;0.8703143743318571
2016-06-03;0.7514016463946656
2016-06-04;0.7135826939697993
2016-06-05;0.707861007440576
2016-06-06;0.6541130392078722
2016-06-07;0.639021343379921
2016-06-08;1.202438008893438
2016-06-09;1.8886217324102905
2016-06-10;1.8659609297800335
2016-06-11;1.1391339602553654
2016-06-12;0.8849475377898703
2016-06-13;0.8160812921425523
2016-06-14;1.2323755208727076
2016-06-15;1.8191640464597196
2016-06-16;1.2639478004317553
2016-06-17;1.8380037460071617
2016-06-18;3.393205991506047
2016-06-19;4.15636334460245
2016-06-20;2.714378722098196
2016-06-21;2.7061384302326483
2016-06-22;2.0570160839207645
2016-06-23;1.459116455108595
2016-06-24;1.409947165178603
2016-06-25;1.4698354799304731
2016-06-26;1.1159946890651722
2016-06-27;0.9366287876595211
2016-06-28;0.8641009284493671
2016-06-29;0.8639680205160517
2016-06-30;0.8311663425738378
2016-07-01;0.8165531153058212
2016-07-02;0.7351935239268657
2016-07-03;0.7903636070460431
2016-07-04;0.8545514934406634
2016-07-05;4.934798464633445
2016-07-06;9.69915579558336
2016-07-07;4.262623237288026
2016-07-08;5.1237337372377985
2016-07-09;2.7324542010290758
2016-07-10;2.1794242905041474
2016-07-11;2.127390834611211
2016-07-12;1.8497461619155677
2016-07-13;1.500849546169596
2016-07-14;1.274274746850354
2016-07-15;1.0630375230356948
2016-07-16;1.3954469096539046
2016-07-17;2.149706076614849
2016-07-18;1.3010556954133843
2016-07-19;0.9828674576599113
2016-07-20;0.8363962697497945
2016-07-21;0.747434344585204
2016-07-22;0.6841502321371281
2016-07-23;0.6169320448629197
2016-07-24;0.5671580238363428
2016-07-25;0.5334924443275797
2016-07-26;0.5911877781797475
2016-07-27;1.4793915603358425
2016-07-28;1.0642137582455353
2016-07-29;1.4949550793270638
2016-07-30;0.7184338335358074
2016-07-31;0.7395462587429416
2016-08-01;1.3098608459955228
2016-08-02;1.3379310015117125
2016-08-03;1.5046241314757507
2016-08-04;0.827498083614336
2016-08-05;0.7603928680834449
2016-08-06;0.6998466590616638
2016-08-07;0.6438126743759373
2016-08-08;0.7668787752292313
2016-08-09;0.9897919609856377
2016-08-10;1.0372135115925336
2016-08-11;1.0129843953491562
2016-08-12;1.0529431655003985
2016-08-13;0.8431014749855511
2016-08-14;0.7546047275875639
2016-08-15;0.6758700678915855
2016-08-16;0.600836894138438
2016-08-17;0.5306880869346269
2016-08-18;0.4653372561234982
2016-08-19;0.40484421027504336
2016-08-20;0.35116934140566286
2016-08-21;0.36807523052336794
2016-08-22;1.2189451742111976
2016-08-23;3.3965951438055866
2016-08-24;1.272912440533872
2016-08-25;0.9351468642030558
2016-08-26;0.8350738358133073
2016-08-27;0.9380774841326577
2016-08-28;0.7673771799791637
2016-08-29;0.5982784164221187
2016-08-30;0.5336718700375552
2016-08-31;0.9078940924767555
2016-09-01;1.7532417115353345
2016-09-02;2.1440441986556174
2016-09-03;2.4750115341973564
2016-09-04;1.7275107356454946
2016-09-05;1.7757895424222738
2016-09-06;1.2909347562914253
2016-09-07;1.5878909516977808
2016-09-08;1.3502316307400422
2016-09-09;1.1086182987661741
2016-09-10;1.0393001661455843
2016-09-11;1.1399247624585909
2016-09-12;3.6808187592003367
2016-09-13;1.9639738852033952
2016-09-14;1.4020790155263374
2016-09-15;1.5383761011411687
2016-09-16;1.1928487015047404
2016-09-17;1.0063190624933944
2016-09-18;0.9429684960786606
2016-09-19;0.9137021691626334
2016-09-20;0.8703143743318569
2016-09-21;0.8335188129935184
2016-09-22;0.8102532792666769
2016-09-23;0.782747982467077
2016-09-24;0.7443973983089497
2016-09-25;0.7033620738978532
2016-09-26;0.6667459382694905
2016-09-27;0.6467698758922027
2016-09-28;0.7186797132124408
2016-09-29;1.2036674072766052
2016-09-30;2.6433793041211664
2016-10-01;1.807953262284574
2016-10-02;1.059282873919538
2016-10-03;0.7511624121146979
2016-10-04;0.6110575142103839
2016-10-05;0.5870344052636448
2016-10-06;0.6123865935435368
2016-10-07;0.5907956997764674
2016-10-08;0.5677361733462644
2016-10-09;0.5499464464720129
2016-10-10;0.5227335471257066
2016-10-11;0.4922245310331817
2016-10-12;0.46644039197001497
2016-10-13;0.45774821313119507
2016-10-14;0.4342833175043803
2016-10-15;0.42182319875607177
2016-10-16;0.404458777268429
2016-10-17;0.3708330701396602
2016-10-18;0.38529345328436404
2016-10-19;0.4370345117240068
2016-10-20;0.4121940189873789
2016-10-21;0.38239606033809065
2016-10-22;0.3796049937384696
2016-10-23;0.35880490217462646
2016-10-24;0.33665579508763305
2016-10-25;0.3486241544826751
2016-10-26;0.3357055033644287
2016-10-27;0.3051632602885747
2016-10-28;0.31481237624726494
2016-10-29;0.2985178636228101
2016-10-30;0.28130628625848003
2016-10-31;0.2751792305326449
2016-11-01;0.2679423935636275
2016-11-02;0.25358833676557596
2016-11-03;0.23533343212472063
2016-11-04;0.20655886456196007
2016-11-05;0.17515604261788958
2016-11-06;0.1655959749745207
2016-11-07;0.11511754190137304
2016-11-08;0.07772788210111528
2016-11-09;0.07385959670197371
2016-11-10;0.06562528569342486
2016-11-11;0.07462115915987033
2016-11-12;0.07901110819727444
2016-11-13;0.07296645539009497
2016-11-14;0.07296645539009497
2016-11-15;0.07296645539009497
2016-11-16;0.07296645539009497
2016-11-17;0.07296645539009497
2016-11-18;0.07296645539009497
2016-11-19;0.07296645539009497
2016-11-20;0.07296645539009497
2016-11-21;0.0744364171325621
2016-11-22;0.07548638980575292
2016-11-23;0.07548638980575292
2016-11-24;0.07548638980575292
2016-11-25;0.07548638980575292
2016-11-26;0.07548638980575292
2016-11-27;0.07548638980575292
2016-11-28;0.07548638980575292
2016-11-29;0.07548638980575292
2016-11-30;0.07548638980575292
2016-12-01;0.07548638980575292
2016-12-02;0.07548638980575292
2016-12-03;0.07548638980575292
2016-12-04;0.07548638980575292
2016-12-05;0.07548638980575292
2016-12-06;0.07548638980575292
2016-12-07;0.07548638980575292
2016-12-08;0.07748133788481544
2016-12-09;0.07800632422141084
2016-12-10;0.07800632422141084
2016-12-11;0.07800632422141084
2016-12-12;0.07800632422141084
2016-12-13;0.07800632422141084
2016-12-14;0.07800632422141084
2016-12-15;0.07898120391227847
2016-12-16;0.09692643306850914
2016-12-17;0.10328408405864611
2016-12-18;0.10533285985070133
2016-12-19;0.10661874410552677
2016-12-20;0.12171176901281121
2016-12-21;0.12689252025344136
2016-12-22;0.12804815473361778
2016-12-23;0.1167416768464859
2016-12-24;0.10457063285313814
2016-12-25;0.09940583056450589
2016-12-26;0.09855056801362197
2016-12-27;0.09781425806305524
2016-12-28;0.09324687693467527
2016-12-29;0.08313324774904815
2016-12-30;0.08890211659459842
2016-12-31;0.08923903820555266
2017-01-01;0.08604127332998678
2017-01-02;0.08235108456148767
2017-01-03;0.08169319029157697
2017-01-04;0.07611637340966738
2017-01-05;0.06956268321789039
2017-01-06;0.06230923275720832
2017-01-07;0.054244379363636464
2017-01-08;0.058195067681433475
2017-01-09;0.062384325739531475
2017-01-10;0.06399982166897883
2017-01-11;0.06428490918594011
2017-01-12;0.065248491702476
2017-01-13;0.06836252458005329
2017-01-14;0.0704412046571044
2017-01-15;0.07144465955363488
2017-01-16;0.07134630768298156
2017-01-17;0.07043455926043862
2017-01-18;0.06865758019201322
2017-01-19;0.0671823021322135
2017-01-20;0.06611039965002569
2017-01-21;0.06342964663505622
2017-01-22;0.061814150705608896
2017-01-23;0.06135495379600455
2017-01-24;0.061731083247286815
2017-01-25;0.05748401023819668
2017-01-26;0.05110509397872925
2017-01-27;0.054836484206556076
2017-01-28;0.0570261424079255
2017-01-29;0.05944041501659778
2017-01-30;0.059002483376323876
2017-01-31;0.05658422352965215
2017-02-01;0.05483581966688952
2017-02-02;0.053803125025029694
2017-02-03;0.05270530549584536
2017-02-04;0.053550599951730636
2017-02-05;0.05431016879062754
2017-02-06;0.05380378956469627
2017-02-07;0.05185535926229407
2017-02-08;0.050043824131206664
2017-02-09;0.04553691611248515
2017-02-10;0.04460788965861126
2017-02-11;0.04545717135249597
2017-02-12;0.04623999907972304
2017-02-13;0.04839842391676335
2017-02-14;0.0510246846790735
2017-02-15;0.055969524338068934
2017-02-16;0.058445599135732815
2017-02-17;0.059795279198549614
2017-02-18;0.06089974412439966
2017-02-19;0.06106986627904325
2017-02-20;0.061537037664646514
2017-02-21;0.06069772406576043
2017-02-22;0.05888751801400616
2017-02-23;0.05978996288121698
2017-02-24;0.060623960162770434
2017-02-25;0.06126391186168359
2017-02-26;0.06117154084802945
2017-02-27;0.059431111461265694
2017-02-28;0.05614629188937829
2017-03-01;0.05450155621460155
2017-03-02;0.0539805571160056
2017-03-03;0.05237170658322398
2017-03-04;0.0506884276077858
2017-03-05;0.04904701463134198
2017-03-06;0.04815520239879638
2017-03-07;0.04767141752152873
2017-03-08;0.04654967456434767
2017-03-09;0.04646594256635903
2017-03-10;0.04654701640568137
2017-03-11;0.0459981066410892
2017-03-12;0.04497604463389462
2017-03-13;0.046311769363713305
2017-03-14;0.04847949775608569
2017-03-15;0.04888486695269732
2017-03-16;0.04839842391676336
2017-03-17;0.046877957159636434
2017-03-18;0.04592766543643209
2017-03-19;0.04547179122516064
2017-03-20;0.043573201397751705
2017-03-21;0.043490798479096225
2017-03-22;0.043264190452793644
2017-03-23;0.04348747578076335
2017-03-24;0.04199890692763207
2017-03-25;0.041339019038721635
2017-03-26;0.041636732809347904
2017-03-27;0.0404824274085046
2017-03-28;0.03905698982369811
2017-03-29;0.03934473549932571
2017-03-30;0.03948362428964019
2017-03-31;0.0387014611020797
2017-04-01;0.0386336780560889
2017-04-02;0.037935911406183624
2017-04-03;0.03752256773357306
2017-04-04;0.04198362251530082
2017-04-05;0.048722719274052674
2017-04-06;0.05068776306811923
2017-04-07;0.05185868196062695
2017-04-08;0.05076950144710814
2017-04-09;0.04896594079201966
2017-04-10;0.04726604832491709
2017-04-11;0.04545850043182913
2017-04-12;0.043264190452793644
2017-04-13;0.04127455869106374
2017-04-14;0.04040799896584804
2017-04-15;0.040550210454495396
2017-04-16;0.03984247570959148
2017-04-17;0.0379392341045165
2017-04-18;0.03752256773357306
2017-04-19;0.03725143554960985
2017-04-20;0.03752589043190595
2017-04-21;0.0371092240609625
2017-04-22;0.036228044463082115
2017-04-23;0.0367703088310085
2017-04-24;0.03589577462979389
2017-04-25;0.034814568592274005
2017-04-26;0.03422113467002122
2017-04-27;0.03344761049812624
2017-04-28;0.03287079006753786
2017-04-29;0.03254516563091541
2017-04-30;0.035834636980468876
2017-05-01;0.03842700621978363
2017-05-02;0.039700264220944095
2017-05-03;0.041568949763357115
2017-05-04;0.0452976818325176
2017-05-05;0.07743149740982216
2017-05-06;0.14937921349105546
2017-05-07;0.1953680165768126
2017-05-08;0.18349269273509125
2017-05-09;0.14650640851244537
2017-05-10;0.12116352378788568
2017-05-11;0.11161874055684796
2017-05-12;0.1025437868700799
2017-05-13;0.09672109031153697
2017-05-14;0.09810732005601548
2017-05-15;0.10959721089112238
2017-05-16;0.15793914893622676
2017-05-17;0.3215973262430105
2017-05-18;0.8224143551650257
2017-05-19;2.48969121543203
2017-05-20;1.9132761540402776
2017-05-21;1.1707328214010755
2017-05-22;2.341053628208874
2017-05-23;2.8512738934129467
2017-05-24;3.066186021583772
2017-05-25;3.86336780560889
2017-05-26;3.906562883936359
2017-05-27;2.9780680617957347
2017-05-28;2.5420635865549213
2017-05-29;2.497539428894298
2017-05-30;2.4531481791669907
2017-05-31;2.5599397035858282
2017-06-01;2.494748362294676
2017-06-02;2.3505432546475857
2017-06-03;2.1853386935366776
2017-06-04;2.1838102523035525
2017-06-05;2.6177546545779795
2017-06-06;3.1226718932427713
2017-06-07;3.31831237108288
2017-06-08;3.0633285010174935
2017-06-09;2.47434699453078
2017-06-10;1.997938507562118
2017-06-11;1.6063651544286062
2017-06-12;1.3377117034217416
2017-06-13;1.127305154190304
2017-06-14;0.987698661035922
2017-06-15;0.8895395068859137
2017-06-16;0.8717364892183302
2017-06-17;0.912466125382801
2017-06-18;1.2496003890303693
2017-06-19;2.163541792472971
2017-06-20;1.3425495521944188
2017-06-21;1.1363894114324042
2017-06-22;1.2214970065308512
2017-06-23;1.076215344623906
2017-06-24;0.9344823245364794
2017-06-25;1.0223942770278789
2017-06-26;1.0769131112738113
2017-06-27;1.1530494208734763
2017-06-28;0.9667590161420978
2017-06-29;0.8579340003435377
2017-06-30;0.7647655390895179
2017-07-01;0.669563586455775
2017-07-02;0.6052427921278398
2017-07-03;0.5716237303957367
2017-07-04;0.6524051722647709
2017-07-05;6.0130871730170705
2017-07-06;8.984244022280409
2017-07-07;3.3534000654781173
2017-07-08;2.1865348649365166
2017-07-09;1.7090631145013317
2017-07-10;1.5139077506178238
2017-07-11;1.7243940446092507
2017-07-12;1.4363825531150145
2017-07-13;2.2825608467568137
2017-07-14;3.0683125485168166
2017-07-15;4.049771182083586
2017-07-16;2.1133025936797902
2017-07-17;1.6926489847368935
2017-07-18;2.166997398739168
2017-07-19;2.1255965775114554
2017-07-20;2.026513713224906
2017-07-21;1.5042852162457963
2017-07-22;1.284960544688903
2017-07-23;1.1770060758535579
2017-07-24;1.0562392822466178
2017-07-25;0.9436263903485711
2017-07-26;0.8658420223757972
2017-07-27;0.8172708181457243
2017-07-28;0.7823359678737996
2017-07-29;0.7469425852319375
2017-07-30;0.7974010821150879
2017-07-31;0.7166595126260481
2017-08-01;0.9035081306773508
2017-08-02;2.689458484601578
2017-08-03;1.4171972929409526
2017-08-04;1.0041792447670181
2017-08-05;0.8377319944796132
2017-08-06;0.7606985563300702
2017-08-07;0.7094359664503621
2017-08-08;0.6746473149050847
2017-08-09;0.8187460962055235
2017-08-10;0.8664334626790503
2017-08-11;0.8528569172908931
2017-08-12;0.7439787383190065
2017-08-13;0.9652505110989692
2017-08-14;0.8328343371369449
2017-08-15;0.6427294747194179
2017-08-16;0.5712715243724512
2017-08-17;1.2848542183422509
2017-08-18;0.9350804102363983
2017-08-19;0.8968494432182545
2017-08-20;1.517542782593997
2017-08-21;1.941452635903119
2017-08-22;1.6742678175593888
2017-08-23;1.0012685610274135
2017-08-24;0.8411145013824877
2017-08-25;1.2768066429800093
2017-08-26;2.1782945730709677
2017-08-27;1.5088971215318372
2017-08-28;1.027644140393833
2017-08-29;0.9692975576684199
2017-08-30;1.1298835680966208
2017-08-31;0.8837314302000354
2017-09-01;0.7506573619680998
2017-09-02;0.701361809501458
2017-09-03;0.6652307878296961
2017-09-04;0.6279766941214204
2017-09-05;0.5926364746528842
2017-09-06;0.5677361733462643
2017-09-07;0.5444440580327597
2017-09-08;0.5294586885514604
2017-09-09;0.5273986155850736
2017-09-10;0.7531228041310987
2017-09-11;2.029298134427861
2017-09-12;1.1932673614946834
2017-09-13;0.9804618240669045
2017-09-14;0.9155961072123764
2017-09-15;1.083545217146244
2017-09-16;1.129032957323403
2017-09-17;0.8496604814946608
2017-09-18;0.7500526308715153
2017-09-19;0.6722483267087436
2017-09-20;0.6209259282590444
2017-09-21;0.5933076597161265
2017-09-22;0.6002986170085108
2017-09-23;0.6038937766046896
2017-09-24;0.5850474316605813
2017-09-25;0.5726537668789303
2017-09-26;0.5610442589038396
2017-09-27;0.5450953069060045
2017-09-28;0.5314589529478557
2017-09-29;0.5230525261656634
2017-09-30;0.5107984147139933
2017-10-01;0.4770863174285698
2017-10-02;0.5032625348950167
2017-10-03;0.5321567195977608
2017-10-04;0.6450686543457665
2017-10-05;0.7985374449449336
2017-10-06;0.8973611387615184
2017-10-07;1.0344822535629041
2017-10-08;0.8056812463606304
2017-10-09;0.6167659099462757
2017-10-10;0.5461652157691925
2017-10-11;0.6112901030936855
2017-10-12;0.7485574166217184
2017-10-13;0.6820436413940808
2017-10-14;0.6218164114122563
2017-10-15;0.6974543162619884
2017-10-16;0.8842098987599704
2017-10-17;0.9628050051259677
2017-10-18;0.7268402603179996
2017-10-19;0.7777506441744222
2017-10-20;0.6617884723568306
2017-10-21;0.5348879776273903
2017-10-22;0.5086453061942857
2017-10-23;0.4181017766232437
2017-10-24;0.38185778320816366
2017-10-25;0.41002097427767387
2017-10-26;0.4212450492461503
2017-10-27;0.41247977104400685
2017-10-28;0.43457571495767394
2017-10-29;0.40594734612156025
2017-10-30;0.3203014738931865
2017-10-31;0.29587964114650167
2017-11-01;0.22800355960238236
2017-11-02;0.24219812688045542
2017-11-03;0.31984294152324877
2017-11-04;0.3651180290071028
2017-11-05;0.3610576916443206
2017-11-06;0.37987745500176595
2017-11-07;0.3834460330112815
2017-11-08;0.3632108001640284
2017-11-09;0.35259145629213656
2017-11-10;0.37661456523887543
2017-11-11;0.38491466567441546
2017-11-12;0.36026024404442886
2017-11-13;0.3520265975755465
2017-11-14;0.34417838411327856
2017-11-15;0.3330672808881202
2017-11-16;0.3187198694867345
2017-11-17;0.30980174716127834
2017-11-18;0.30103646895913494
2017-11-19;0.296012549079817
2017-11-20;0.28940702479404684
2017-11-21;0.2831271249448995
2017-11-22;0.2781098504622471
2017-11-23;0.26839428053689957
2017-11-24;0.26139003245118353
2017-11-25;0.25878503695820393
2017-11-26;0.2795120291587235
2017-11-27;0.27925285868875865
2017-11-28;0.27042777191662337
2017-11-29;0.2618419194244555
2017-11-30;0.2559806795652512
2017-12-01;0.25185388823581145
2017-12-02;0.242636723060396
2017-12-03;0.23799823618769225
2017-12-04;0.23284805377172468
2017-12-05;0.2277510345290833
2017-12-06;0.2243618822295434
2017-12-07;0.21936454393688842
2017-12-08;0.21586241989403054
2017-12-09;0.21647379638728087
2017-12-10;0.21771648556377884
2017-12-11;0.2211521556399791
2017-12-12;0.22675422502921858
2017-12-13;0.23305406106836338
2017-12-14;0.2267741612192159
2017-12-15;0.22416252032957043
2017-12-16;0.22416252032957043
2017-12-17;0.21874652204697234
2017-12-18;0.2119748628445582
2017-12-19;0.20447885540557578
2017-12-20;0.19776700477315362
2017-12-21;0.19813914698643642
2017-12-22;0.20447221000891003
2017-12-23;0.20503042332883417
2017-12-24;0.20130235579934036
2017-12-25;0.19311522710711834
2017-12-26;0.18646318504468803
2017-12-27;0.18362560066840655
2017-12-28;0.17693368622598166
2017-12-29;0.17012215464357297
2017-12-30;0.16822157119716427
2017-12-31;0.17076011272348635
2018-01-01;0.11336249264194462
2018-01-02;0.08119545008131128
2018-01-03;0.07084458023471635
2018-01-04;0.06816582083874667
2018-01-05;0.06787076522678671
2018-01-06;0.06688724652025355
2018-01-07;0.06419652541028545
2018-01-08;0.06410149623796502
2018-01-09;0.06200420905024975
2018-01-10;0.061719121533288464
2018-01-11;0.060792753238080866
2018-01-12;0.05988366297420426
2018-01-13;0.0584429409770665
2018-01-14;0.057909980164472186
2018-01-15;0.06024251439415557
2018-01-16;0.05905896924798289
2018-01-17;0.05737967751054415
2018-01-18;0.055021226233864344
2018-01-19;0.05001990070320989
2018-01-20;0.046939094808961475
2018-01-21;0.04685802096963915
2018-01-22;0.0514539773036819
2018-01-23;0.05177029818497228
2018-01-24;0.05076152697110921
2018-01-25;0.05117487064371977
2018-01-26;0.050023887941209357
2018-01-27;0.04856057159540801
2018-01-28;0.046944411126294085
2018-01-29;0.04639018504436932
2018-01-30;0.045687102077131427
2018-01-31;0.04506243479054955
2018-02-01;0.043565891461419384
2018-02-02;0.04259765716721747
2018-02-03;0.04200222962596495
2018-02-04;0.03998136449990596
2018-02-05;0.03855924961343234
2018-02-06;0.03792926600951785
2018-02-07;0.03690587492299009
2018-02-08;0.036228044463082115
2018-02-09;0.03656695969303611
2018-02-10;0.03649917664704531
2018-02-11;0.0366347427390269
2018-02-12;0.0372447901529441
2018-02-13;0.036702525785017696
2018-02-14;0.03683809187699931
2018-02-15;0.0369058749229901
2018-02-16;0.0364347162993874
2018-02-17;0.03561799704916493
2018-02-18;0.035346864865201735
2018-02-19;0.03402775362704748
2018-02-20;0.03318976910749458
2018-02-21;0.03267408632623124
2018-02-22;0.03153041356005315
2018-02-23;0.030304337875219585
2018-02-24;0.02930885745468805
2018-02-25;0.029485625005997385
2018-02-26;0.02901978269972729
2018-02-27;0.028732037024099683
2018-02-28;0.0281020534201852
2018-03-01;0.029193227552703746
2018-03-02;0.029485625005997385
2018-03-03;0.030976852017794956
2018-03-04;0.03177828685568618
2018-03-05;0.03154038165505179
2018-03-06;0.030484428124861802
2018-03-07;0.030419967777203887
2018-03-08;0.029019118160060708
2018-03-09;0.028675551152440682
2018-03-10;0.02878985197509184
2018-03-11;0.02878985197509184
2018-03-12;0.029019118160060715
2018-03-13;0.029077597650719437
2018-03-14;0.029308192915021482
2018-03-15;0.0288470023864174
2018-03-16;0.02821635424283636
2018-03-17;0.028159203831510788
2018-03-18;0.02713049642765042
2018-03-19;0.024940838226281
2018-03-20;0.024128770753724577
2018-03-21;0.024614549249991957
2018-03-22;0.025320954915562726
2018-03-23;0.02621210260844176
2018-03-24;0.027526562068929988
2018-03-25;0.02798708805786748
2018-03-26;0.02827350465416193
2018-03-27;0.028216354242836358
2018-03-28;0.027874116314549485
2018-03-29;0.028272840114495358
2018-03-30;0.028216354242836358
2018-03-31;0.02810138888051862
2018-04-01;0.028274169193828504
2018-04-02;0.02798775259753406
2018-04-03;0.0281020534201852
2018-04-04;0.028504099918463966
2018-04-05;0.027872787235216332
2018-04-06;0.02775848641256518
2018-04-07;0.0277013360012396
2018-04-08;0.02764485012958061
2018-04-09;0.02793060218620848
2018-04-10;0.027700671461573033
2018-04-11;0.02752988476726288
2018-04-12;0.02724213909163527
2018-04-13;0.02712584464998439
2018-04-14;0.027299954042627424
2018-04-15;0.027987752597534058
2018-04-16;0.0290789267300526
2018-04-17;0.030494396219860456
2018-04-18;0.032422890332265336
2018-04-19;0.03445771079132245
2018-04-20;0.033640991541099986
2018-04-21;0.034746785546283195
2018-04-22;0.03448562145731865
2018-04-23;0.036990271460645326
2018-04-24;0.05171713501164618
2018-04-25;0.06251191735551413
2018-04-26;0.07814189031339244
2018-04-27;0.1086017304705909
2018-04-28;0.13633164167749331
2018-04-29;0.16063119912552798
2018-04-30;0.20298364115577877
2018-05-01;0.2223416816431509
2018-05-02;0.2189392385502795
2018-05-03;0.21370266597765705
2018-05-04;0.229339284332201
2018-05-05;0.29811913982286437
2018-05-06;0.94626461282488
2018-05-07;1.372148148943734
2018-05-08;1.3782685592729034
2018-05-09;2.070725537242237
2018-05-10;5.286678863482346
2018-05-11;8.540929610707256
2018-05-12;7.874795048931015
2018-05-13;7.66440179049291
2018-05-14;8.019864058144655
2018-05-15;6.835587918338749
2018-05-16;5.841569485073689
2018-05-17;5.331003659242996
2018-05-18;3.357586665377548
2018-05-19;2.376327393710752
2018-05-20;1.8530688602484502
2018-05-21;1.5708189276634315
2018-05-22;1.3195764159208707
2018-05-23;1.1053620543999492
2018-05-24;0.9430415954419842
2018-05-25;0.8683207553321273
2018-05-26;0.7220688655119806
2018-05-27;0.6051098841945246
2018-05-28;0.5751524360252579
2018-05-29;0.5311001015279043
2018-05-30;0.45786783027117883
2018-05-31;0.4189258058097984
2018-06-01;0.3973880752160554
2018-06-02;0.3531430242153949
2018-06-03;0.3470093230928942
2018-06-04;0.46483885137356584
2018-06-05;0.3825223228747403
2018-06-06;0.3198562323165803
2018-06-07;0.289207662894074
2018-06-08;0.2677297408703229
2018-06-09;0.2557547360786152
2018-06-10;0.257117042395097
2018-06-11;0.2901646000139441
2018-06-12;0.25565505512862874
2018-06-13;0.22036135343675312
2018-06-14;0.20339565574905613
2018-06-15;0.19665057813330517
2018-06-16;0.20005302122617658
2018-06-17;0.16561059484718538
2018-06-18;0.18025306186053103
2018-06-19;0.26302480003096174
2018-06-20;0.2762624301891647
2018-06-21;0.3008105254724989
2018-06-22;0.27850857426219316
2018-06-23;1.657873623984947
2018-06-24;0.7628317286597807
2018-06-25;0.3894866985804615
2018-06-26;0.27269385217964914
2018-06-27;0.21909872807025785
2018-06-28;0.19944164473292628
2018-06-29;0.1935073055103985
2018-06-30;0.17992411472557573
2018-07-01;0.16964368608363786
2018-07-02;0.1538276420191182
2018-07-03;0.14232379585101318
2018-07-04;0.24714230199978435
2018-07-05;0.2262824018659494
2018-07-06;0.19274308489383557
2018-07-07;0.181525655322025
2018-07-08;0.17270389124822255
2018-07-09;0.14701478135737628
2018-07-10;0.12771123312266347
2018-07-11;0.11111767764824934
2018-07-12;0.09896058898789964
2018-07-13;0.08904100538491289
2018-07-14;0.0917742570335418
2018-07-15;0.0998650274741102
2018-07-16;0.08774847573342166
2018-07-17;0.07555284377241056
2018-07-18;0.07096951369203273
2018-07-19;
2018-07-20;
2018-07-21;
2018-07-22;
2018-07-23;
2018-07-24;
2018-07-25;
2018-07-26;
2018-07-27;
2018-07-28;
2018-07-29;
2018-07-30;
2018-07-31;
2018-08-01;
2018-08-02;
2018-08-03;
2018-08-04;
2018-08-05;
2018-08-06;
2018-08-07;
2018-08-08;
2018-08-09;
2018-08-10;
2018-08-11;
2018-08-12;
2018-08-13;
2018-08-14;
2018-08-15;
2018-08-16;
2018-08-17;
2018-08-18;
2018-08-19;
2018-08-20;
2018-08-21;
2018-08-22;
2018-08-23;
2018-08-24;
2018-08-25;
2018-08-26;
2018-08-27;
2018-08-28;
2018-08-29;
2018-08-30;
2018-08-31;
2018-09-01;
2018-09-02;
2018-09-03;
2018-09-04;
2018-09-05;
2018-09-06;
2018-09-07;
2018-09-08;
2018-09-09;
2018-09-10;
2018-09-11;
2018-09-12;
2018-09-13;
2018-09-14;
2018-09-15;
2018-09-16;
2018-09-17;
2018-09-18;
2018-09-19;
2018-09-20;0.5863849687713086
2018-09-21;0.5063393535512656
2018-09-22;0.825597500167927
2018-09-23;0.927441526769102
2018-09-24;0.6959624247105248
2018-09-25;0.5036280317116334
2018-09-26;0.7134165590531554
2018-09-27;1.3900608156563024
2018-09-28;0.7615425217066223
2018-09-29;0.5244713183538042
2018-09-30;0.6276710058747951
2018-10-01;0.6332631071690357
2018-10-02;0.535486063327309
2018-10-03;0.4822763722245318
2018-10-04;0.437539561870605
2018-10-05;0.42974451158166316
2018-10-06;0.4580439332828216
2018-10-07;0.4075455640196767
2018-10-08;0.4165268176134575
2018-10-09;0.5058309807063345
2018-10-10;0.5082033873160126
2018-10-11;0.45194345914364964
2018-10-12;0.4512656286837417
2018-10-13;0.7271426258662921
2018-10-14;0.9210021373999758
2018-10-15;0.7974675360817457
2018-10-16;0.6330936495540589
2018-10-17;0.5234545726639424
2018-10-18;0.5305717924929761
2018-10-19;0.4770231861602451
2018-10-20;0.41771302091829654
2018-10-21;0.5036280317116335
2018-10-22;0.4853266092941179
2018-10-23;0.39805593758096486
2018-10-24;0.3053626221885475
2018-10-25;0.3211221803814083
2018-10-26;0.3514550934622907
2018-10-27;0.32264729891620125
2018-10-28;0.22385350938461243
2018-10-29;0.1979264942931319
2018-10-30;0.1826753089452023
2018-10-31;0.2084328664217057
2018-11-01;0.2987537752044448
2018-11-02;0.3341704167346371
2018-11-03;0.35450533053187677
2018-11-04;0.34366004317334903
2018-11-05;0.36314766889570355
2018-11-06;0.38958305683211497
2018-11-07;0.3946667852814247
2018-11-08;0.3748402443291164
2018-11-09;0.37077326156966844
2018-11-10;0.4050036997950217
2018-11-11;0.43160854534641013
2018-11-12;0.5720889081623403
2018-11-13;1.1340103594260607
2018-11-14;0.8335620080718457
2018-11-15;0.5610741631888356
2018-11-16;0.5602268751139503
2018-11-17;0.5742918571570411
2018-11-18;0.47905667753996917
2018-11-19;0.3356955352694301
2018-11-20;0.3090906897180415
2018-11-21;0.30671828310836363
2018-11-22;0.27706320048738925
2018-11-23;0.2606258118346206
2018-11-24;0.2521529310857709
2018-11-25;0.2580839476099656
2018-11-26;0.25350859200558684
2018-11-27;0.3171899752996516
2018-11-28;0.3117428555124711
2018-11-29;0.3111143416908734
2018-11-30;0.3251511503732229
2018-12-01;0.383602935781811
2018-12-02;0.3532247677379212
2018-12-03;0.310904837083674
2018-12-04;0.29414446850773457
2018-12-05;0.31844700294284706
2018-12-06;0.3412830051275644
2018-12-07;0.3285032240884104
2018-12-08;0.31698047069245233
2018-12-09;0.32871272869560975
2018-12-10;0.32557015958762126
2018-12-11;0.31153335090527173
2018-12-12;0.3117428555124711
2018-12-13;0.3159329476564561
2018-12-14;0.31279037854846725
2018-12-15;0.2974965422229224
2018-12-16;0.28806883489895657
2018-12-17;0.2815741920757802
2018-12-18;0.2872308164701596
2018-12-19;0.30399118504609907
2018-12-20;0.31195236011967037
2018-12-21;0.31195236011967037
2018-12-22;0.3111143416908734
2018-12-23;0.29833456065171937
2018-12-24;0.28660230264856185
2018-12-25;0.2815741920757802
2018-12-26;0.2815741920757802
2018-12-27;0.2815741920757802
2018-12-28;0.282202705897378
2018-12-29;0.29016388097094886
2018-12-30;0.2815741920757802
2018-12-31;0.2815741920757802
2019-01-01;0.2817836966829794
2019-01-02;0.2912114040069451
2019-01-03;0.28764982568455794
2019-01-04;0.2736130170022089
2019-01-05;0.2715179709302165
2019-01-06;0.2757080630742014
2019-01-07;0.285764284219765
2019-01-08;0.2916304132213436
2019-01-09;0.2916304132213436
2019-01-10;0.2897448717565504
2019-01-11;0.26837540182222824
2019-01-12;0.26502332810704005
2019-01-13;0.26795639260782983
2019-01-14;0.25643363921187157
2019-01-15;0.23799723377833815
2019-01-16;0.2312930863479624
2019-01-17;0.23569268309914657
2019-01-18;0.24134930749352612
2019-01-19;0.24134930749352612
2019-01-20;0.24134930749352612
2019-01-21;0.24134930749352612
2019-01-22;0.22668398498957898
2019-01-23;0.22898853566877075
2019-01-24;0.22710299420397748
2019-01-25;0.21578974541521886
2019-01-26;0.21097113944963625
2019-01-27;0.20782857034164753
2019-01-28;0.20154343212567033
2019-01-29;0.20091491830407257
2019-01-30;0.19316324783770045
2019-01-31;0.19735333998168542
2019-02-01;0.20971411180644076
2019-02-02;0.21474222237922236
2019-02-03;0.22123686520239877
2019-02-04;0.2235414158815905
2019-02-05;0.23632119692074416
2019-02-06;0.2312930863479624
2019-02-07;0.23087407713356392
2019-02-08;0.2312930863479624
2019-02-09;0.2312930863479624
2019-02-10;0.2312930863479624
2019-02-11;0.2312930863479624
2019-02-12;0.2312930863479624
2019-02-13;0.2312930863479624
2019-02-14;0.2335976370271541
2019-02-15;0.22500794813198502
2019-02-16;0.2227033974527935
2019-02-17;0.22773150802557535
2019-02-18;0.2312930863479624
2019-02-19;0.23967327063593216
2019-02-20;0.2501485009958944
2019-02-21;0.25245305167508614
2019-02-22;0.25475760235427763
2019-02-23;0.25601462999747304
2019-02-24;0.28408824736217103
2019-02-25;0.2861832934341634
2019-02-26;0.28785933029175736
2019-02-27;0.2916304132213436
2019-02-28;0.2897448717565504
2019-03-01;0.2757080630742013
2019-03-02;0.27193698014461504
2019-03-03;0.262090263606251
2019-03-04;0.25266255628228523
2019-03-05;0.23862574759993585
2019-03-06;0.2252174527391843
2019-03-07;0.21537073620082034
2019-03-08;0.2095046071992415
2019-03-09;0.20112442291127183
2019-03-10;0.19567730312409146
2019-03-11;0.20615253348405374
2019-03-12;0.21118064405683548
2019-03-13;0.21118064405683548
2019-03-14;0.22060835138080104
2019-03-15;0.22123686520239877
2019-03-16;0.23045506791916545
2019-03-17;0.23213110477675938
2019-03-18;0.23611169231354512
2019-03-19;0.24134930749352612
2019-03-20;0.23715921534954118
2019-03-21;0.2312930863479624
2019-03-22;0.23213110477675938
2019-03-23;0.234435655455951
2019-03-24;0.2312930863479624
2019-03-25;0.23234060938395865
2019-03-26;0.24072079367192833
2019-03-27;0.24134930749352612
2019-03-28;0.24155881210072536
2019-03-29;0.24386336277991705
2019-03-30;0.24972949178149587
2019-03-31;0.25140552863908994
2019-04-01;0.25140552863908994
2019-04-02;0.2520340424606876
2019-04-03;0.2574811622478677
2019-04-04;0.26146174978465303
2019-04-05;0.26146174978465314
2019-04-06;0.26188075899905167
2019-04-07;0.2616712543918524
2019-04-08;0.26732787878623177
2019-04-09;0.26481382349984117
2019-04-10;0.26146174978465314
2019-04-11;0.26146174978465314
2019-04-12;0.26146174978465314
2019-04-13;0.26146174978465314
2019-04-14;0.26083323596305547
2019-04-15;0.260414226748657
2019-04-16;0.2595762083198601
2019-04-17;0.26125224517745393
2019-04-18;0.26460431889264163
2019-04-19;0.27382252160940823
2019-04-20;0.3192850213716435
2019-04-21;0.4988304697413938
2019-04-22;1.0014320224123738
2019-04-23;4.369218583140179
2019-04-24;3.952513919420887
2019-04-25;3.2709954322017545
2019-04-26;3.370091111406995
2019-04-27;2.979574523587611
2019-04-28;2.247565426033461
2019-04-29;2.276896071041355
2019-04-30;2.1979128341272407
2019-05-01;1.8585153704644692
2019-05-02;1.3733027001910267
2019-05-03;1.0579982663561691
2019-05-04;0.9553410088285407
2019-05-05;0.8906040852039746
2019-05-06;0.9025458478143316
2019-05-07;1.1327914111262976
2019-05-08;1.349838184184712
2019-05-09;1.8419645064957295
2019-05-10;3.4587115602522744
2019-05-11;4.665039088505507
2019-05-12;5.8168954188869355
2019-05-13;6.363492939069755
2019-05-14;4.47753246506219
2019-05-15;3.833934311746117
2019-05-16;3.5184203733040587
2019-05-17;3.735676650969673
2019-05-18;3.9562850023504743
2019-05-19;3.813402860240593
2019-05-20;3.4467697976419176
2019-05-21;3.013514269953888
2019-05-22;2.5940860463410056
2019-05-23;2.229548029814327
2019-05-24;1.9605441141704998
2019-05-25;1.8247851287053902
2019-05-26;1.7305080554657337
2019-05-27;1.6766653714155273
2019-05-28;1.8275086885989817
2019-05-29;2.3770392732825925
2019-05-30;6.8453535356280115
2019-05-31;6.128847779006606
2019-06-01;4.534727222827579
2019-06-02;3.1103053984799374
2019-06-03;2.5151028094268923
2019-06-04;2.2427468200678784
2019-06-05;2.0391083418702154
2019-06-06;1.7380502213249054
2019-06-07;1.4879017203290117
2019-06-08;1.5710750493871102
2019-06-09;3.5194678963400556
2019-06-10;3.710326593498564
2019-06-11;2.5758591455146718
2019-06-12;1.8865889878291682
2019-06-13;1.5796647382822795
2019-06-14;1.3691126080470428
2019-06-15;1.2082130697180256
2019-06-16;1.085652874506468
2019-06-17;1.0031080592699673
2019-06-18;0.9819480939428438
2019-06-19;1.0938235541872388
2019-06-20;0.9970324256611889
2019-06-21;1.229792044259546
2019-06-22;1.8260421563485867
2019-06-23;4.217537247527926
2019-06-24;2.9887927263043763
2019-06-25;2.0713720513788982
2019-06-26;1.462342158250704
2019-06-27;1.2505330003722714
2019-06-28;1.1239922176239296
2019-06-29;1.1275537959463169
2019-06-30;1.0921475173296447
2019-07-01;1.1179165840151513
2019-07-02;1.327421191214393
2019-07-03;1.168616698957368
2019-07-04;1.5132517778001195
2019-07-05;1.3117083456744505
2019-07-06;1.4577330568923212
2019-07-07;1.6154900261133491
2019-07-08;1.2080035651108252
2019-07-09;0.935019061930214
2019-07-10;0.821677069435424
2019-07-11;0.7726529913508022
2019-07-12;0.7167152612286053
2019-07-13;0.6718812752879665
2019-07-14;0.6756523582175539
2019-07-15;0.6892701576855041
2019-07-16;0.6750238443959551
2019-07-17;0.6576349619984179
2019-07-18;0.6136389944865782
2019-07-19;0.6572159527840197
2019-07-20;0.6130104806649803
2019-07-21;0.5637768979731584
2019-07-22;
2019-07-23;
2019-07-24;
2019-07-25;
2019-07-26;
2019-07-27;
2019-07-28;
2019-07-29;
2019-07-30;
2019-07-31;
2019-08-01;
2019-08-02;
2019-08-03;
2019-08-04;
2019-08-05;
2019-08-06;
2019-08-07;
2019-08-08;
2019-08-09;
2019-08-10;
2019-08-11;
2019-08-12;
2019-08-13;
2019-08-14;
2019-08-15;
2019-08-16;
2019-08-17;
2019-08-18;
2019-08-19;
2019-08-20;1.0764528895816323
2019-08-21;1.2272779889731555
2019-08-22;0.7368277035197314
2019-08-23;0.5533016676131958
2019-08-24;0.5009255158133857
2019-08-25;0.5158003429245321
2019-08-26;0.6454836947808623
2019-08-27;0.5499495938980085
2019-08-28;0.4583960805519397
2019-08-29;0.40497240571613347
2019-08-30;0.5702715407963346
2019-08-31;0.6810994780047331
2019-09-01;0.5107722323517503
2019-09-02;0.8011456179298987
2019-09-03;1.7684283893687953
2019-09-04;0.968749303689292
2019-09-05;0.7131536829062174
2019-09-06;1.0431234392450226
2019-09-07;0.7938129566779252
2019-09-08;0.6220191787745475
2019-09-09;0.5629388795443611
2019-09-10;0.5183143982109224
2019-09-11;0.5392648589308469
2019-09-12;0.9721013774044797
2019-09-13;1.1826535076397173
2019-09-14;0.8078497653602743
2019-09-15;0.6616155495352037
2019-09-16;0.6618250541424027
2019-09-17;0.8621114586248775
2019-09-18;0.8298477491161949
2019-09-19;0.675233349003155
2019-09-20;0.6245332340609382
2019-09-21;0.5809562757634956
2019-09-22;0.5539301814347938
2019-09-23;0.533817739143667
2019-09-24;0.5155908383173329
2019-09-25;0.5325607115004712
2019-09-26;0.5558157228995868
2019-09-27;0.5275326009276899
2019-09-28;0.5137052968525394
2019-09-29;0.6310278768841149
2019-09-30;1.4172986677028676
2019-10-01;3.075946642899261
2019-10-02;1.942107708736967
2019-10-03;1.113307482656769
2019-10-04;0.8755197534856295
2019-10-05;0.7864802954259522
2019-10-06;0.757359155025257
2019-10-07;0.755473613560464
2019-10-08;0.8300572537233939
2019-10-09;0.8044976916450864
2019-10-10;0.805126205466684
2019-10-11;0.72069584876539
2019-10-12;0.6878036254351092
2019-10-13;0.6867561023991127
2019-10-14;0.66831969696558
2019-10-15;0.6505118053536438
2019-10-16;0.6075633608777999
2019-10-17;0.5530921630059974
2019-10-18;0.5690145131531399
2019-10-19;0.6071443516634016
2019-10-20;0.503439571099777
2019-10-21;0.4759944675566765
2019-10-22;0.5032300664925776
2019-10-23;0.5675479809027443
2019-10-24;0.5436644556820311
2019-10-25;0.5581202735787786
2019-10-26;0.5629388795443614
2019-10-27;0.5386363451092497
2019-10-28;0.4881457347742322
2019-10-29;0.4405881889400046
2019-10-30;0.39365915692737447
2019-10-31;0.41062903011051344
2019-11-01;0.4600721174095338
2019-11-02;0.4726423938414883
2019-11-03;0.4682427970903047
2019-11-04;0.43262701386643376
2019-11-05;0.41272407618250556
2019-11-06;0.4160761498976936
2019-11-07;0.4175426821480884
2019-11-08;0.4058104241449305
2019-11-09;0.3785748252090289
2019-11-10;0.3601384197754956
2019-11-11;0.35615783223871
2019-11-12;0.37417522845784484
2019-11-13;0.3986872675001566
2019-11-14;0.40539141493053216
2019-11-15;0.40224884582254367
2019-11-16;0.39491618457057004
2019-11-17;0.3836029357818108
2019-11-18;0.3833934311746115
2019-11-19;0.38213640353141615
2019-11-20;0.3825554127458146
2019-11-21;0.3815078897098184
2019-11-22;0.3804603666738221
2019-11-23;0.37522275149384104
2019-11-24;0.3779463113874313
2019-11-25;0.3819268989242169
2019-11-26;0.3722896869930516
2019-11-27;0.35175823548752644
2019-11-28;0.3320648024107976
2019-11-29;0.3400259774843689
2019-11-30;0.3511297216659282
2019-12-01;0.30880979101168177
2019-12-02;0.28597378882696434
2019-12-03;0.3293412425172076
2019-12-04;0.36328098888348437
2019-12-05;0.39659222142816414
2019-12-06;0.4177521867552875
2019-12-07;0.3890500555689911
2019-12-08;0.3720801823858523
2019-12-09;0.3624429704546873
2019-12-10;0.3471491341291433
2019-12-11;0.3291317379100083
2019-12-12;0.32996975633880526
2019-12-13;0.33374083926839154
2019-12-14;0.3400259774843689
2019-12-15;0.34191151894916216
2019-12-16;0.34358755580675593
2019-12-17;0.3454730972715491
2019-12-18;0.34589210648594737
2019-12-19;0.33415984848279
2019-12-20;0.32242759047963254
2019-12-21;0.3215895720508356
2019-12-22;0.3217990766580349
2019-12-23;0.328084214874012
2019-12-24;0.3316457931963992
2019-12-25;0.3230561043012304
2019-12-26;0.3157234430492568
2019-12-27;0.3117428555124711
2019-12-28;0.2960300099725277
2019-12-29;0.23946376602873287
2019-12-30;0.27047044789422037
2019-12-31;0.3056672219036931
2020-01-01;0.3178184891212493
2020-01-02;0.3217990766580349
2020-01-03;0.32284659969403107
2020-01-04;0.32221808587243334
2020-01-05;0.31237136933406884
2020-01-06;0.3117428555124711
2020-01-07;0.3117428555124711
2020-01-08;0.3117428555124711
2020-01-09;0.31195236011967037
2020-01-10;0.30839078179728324
2020-01-11;0.29854406525891863
2020-01-12;0.3016866343669074
2020-01-13;0.2989630744733171
2020-01-14;0.2916304132213436
2020-01-15;0.2914209086141444
2020-01-16;0.2819932012901787
2020-01-17;0.2792696413965885
2020-01-18;0.2778031091461938
2020-01-19;0.27235598935901345
2020-01-20;0.2715179709302165
2020-01-21;0.2715179709302165
2020-01-22;0.27005143867982206
2020-01-23;0.26146174978465314
2020-01-24;0.26146174978465314
2020-01-25;0.26146174978465314
2020-01-26;0.25371007931828155
2020-01-27;0.2398827752431313
2020-01-28;0.2312930863479624
2020-01-29;0.2312930863479624
2020-01-30;0.23820673838553746
2020-01-31;0.24512039042311254
2020-02-01;0.2522435470678868
2020-02-02;0.26146174978465314
2020-02-03;0.261252245177454
2020-02-04;0.26146174978465314
2020-02-05;0.26083323596305547
2020-02-06;0.25266255628228534
2020-02-07;0.24134930749352612
2020-02-08;0.24742494110230426
2020-02-09;0.25140552863908994
2020-02-10;0.25140552863908994
2020-02-11;0.25140552863908994
2020-02-12;0.25140552863908994
2020-02-13;0.24449187660151475
2020-02-14;0.2390447568143344
2020-02-15;0.2312930863479624
2020-02-16;0.2312930863479624
2020-02-17;0.2384162429927367
2020-02-18;0.24072079367192833
2020-02-19;0.23527367388474799
2020-02-20;0.2327596185983571
2020-02-21;0.2285695264543722
2020-02-22;0.21620875462961717
2020-02-23;0.2139042039504255
2020-02-24;0.22668398498957915
2020-02-25;0.23087407713356392
2020-02-26;0.2312930863479624
2020-02-27;0.2296170494903684
2020-02-28;0.22626497577518048
2020-02-29;0.2166277638440157
2020-03-01;0.2149517269864217
2020-03-02;0.21348519473602706
2020-03-03;0.21201866248563242
2020-03-04;0.22018934216640257
2020-03-05;0.21432321316482406
2020-03-06;0.21118064405683548
2020-03-07;0.21118064405683548
2020-03-08;0.21118064405683548
2020-03-09;0.21118064405683548
2020-03-10;0.2118091578784332
2020-03-11;0.21118064405683548
2020-03-12;0.21264717630723007
2020-03-13;0.20992361641364
2020-03-14;0.2017529367328696
2020-03-15;0.20175293673286956
2020-03-16;0.20112442291127183
2020-03-17;0.20112442291127183
2020-03-18;0.20112442291127183
2020-03-19;0.20112442291127183
2020-03-20;0.2004959090896741
2020-03-21;0.19861036762488088
2020-03-22;0.19630581694568922
2020-03-23;0.19777234919608389
2020-03-24;0.19923888144647864
2020-03-25;0.20112442291127183
2020-03-26;0.20154343212567033
2020-03-27;0.202171945947268
2020-03-28;0.19986739526807631
2020-03-29;0.19106820176570807
2020-03-30;0.19106820176570807
2020-03-31;0.1990293768392794
2020-04-01;0.20112442291127183
2020-04-02;0.20112442291127183
2020-04-03;0.2004959090896741
2020-04-04;0.19316324783770045
2020-04-05;0.19106820176570807
2020-04-06;0.19106820176570807
2020-04-07;0.1912777063729073
2020-04-08;0.19106820176570807
2020-04-09;0.19106820176570807
2020-04-10;0.19106820176570807
2020-04-11;0.19106820176570807
2020-04-12;0.19106820176570807
2020-04-13;0.19106820176570807
2020-04-14;0.18520207276412917
2020-04-15;0.1810119806201444
2020-04-16;0.18918266030091485
2020-04-17;0.19106820176570807
2020-04-18;0.19106820176570807
2020-04-19;0.19106820176570807
2020-04-20;0.19902937683927943
2020-04-21;0.2237509204887897
2020-04-22;0.2335976370271541
2020-04-23;0.24323484895831932
2020-04-24;0.25140552863908994
2020-04-25;0.25140552863908994
2020-04-26;0.24595840885190953
2020-04-27;0.24113980288632686
2020-04-28;0.23150259095516165
2020-04-29;0.2312930863479624
2020-04-30;0.2312930863479624
2020-05-01;0.2312930863479624
2020-05-02;0.2312930863479624
2020-05-03;0.2312930863479624
2020-05-04;0.23967327063593227
2020-05-05;0.2698419340726226
2020-05-06;0.30315316661730224
2020-05-07;0.33730241759077834
2020-05-08;0.37815581599463055
2020-05-09;0.4104195255033141
2020-05-10;0.4414262073688014
2020-05-11;0.46237666808872535
2020-05-12;0.47243288923428906
2020-05-13;0.45776756673034236
2020-05-14;0.4435212534407937
2020-05-15;0.4307414724016405
2020-05-16;0.41230506696810715
2020-05-17;0.41523813146889654
2020-05-18;0.43220800465203474
2020-05-19;0.4768324859854734
2020-05-20;0.5273230963204902
2020-05-21;0.5933170475882514
2020-05-22;0.9387901448598001
2020-05-23;8.068441432457181
2020-05-24;10.25273646711647
2020-05-25;6.629563790212793
2020-05-26;8.151195752300882
2020-05-27;11.473729317873651
2020-05-28;12.703311857525996
2020-05-29;11.967531677042256
2020-05-30;12.201338818676614
2020-05-31;15.02043281314961
2020-06-01;12.725519345889118
2020-06-02;11.213943604946586
2020-06-03;8.589269885954494
2020-06-04;6.700585852053335
2020-06-05;5.3771452483757285
2020-06-06;7.221623810157848
2020-06-07;6.893958604498235
2020-06-08;4.70840654219575
2020-06-09;3.2812611579545172
2020-06-10;2.687315596544668
2020-06-11;2.279410126327745
